{
  "allFiles": [
    {
      "file": "/storage/emulated/0/AndroidIDEProjects/Namoc/app/src/main/res/layout/activity_main.xml",
      "selection": {
        "end": {
          "column": 24,
          "index": 1430,
          "line": 37
        },
        "start": {
          "column": 24,
          "index": 1430,
          "line": 37
        }
      }
    },
    {
      "file": "/storage/emulated/0/AndroidIDEProjects/Namoc/app/src/main/res/values/colors.xml",
      "selection": {
        "end": {
          "column": 32,
          "index": 441,
          "line": 10
        },
        "start": {
          "column": 32,
          "index": 441,
          "line": 10
        }
      }
    },
    {
      "file": "/storage/emulated/0/AndroidIDEProjects/Namoc/app/src/main/java/com/example/namoc/MainActivity.java",
      "selection": {
        "end": {
          "column": 39,
          "index": 901,
          "line": 31
        },
        "start": {
          "column": 39,
          "index": 901,
          "line": 31
        }
      }
    }
  ],
  "selectedFile": "/storage/emulated/0/AndroidIDEProjects/Namoc/app/src/main/res/layout/activity_main.xml"
}