{
  "allFiles": [
    {
      "file": "/storage/emulated/0/AndroidIDEProjects/Namoc/app/src/main/res/layout/activity_main.xml",
      "selection": {
        "end": {
          "column": 40,
          "index": 1589,
          "line": 42
        },
        "start": {
          "column": 40,
          "index": 1589,
          "line": 42
        }
      }
    },
    {
      "file": "/storage/emulated/0/AndroidIDEProjects/Namoc/app/src/main/res/values/colors.xml",
      "selection": {
        "end": {
          "column": 32,
          "index": 441,
          "line": 10
        },
        "start": {
          "column": 32,
          "index": 441,
          "line": 10
        }
      }
    },
    {
      "file": "/storage/emulated/0/AndroidIDEProjects/Namoc/app/src/main/java/com/example/namoc/MainActivity.java",
      "selection": {
        "end": {
          "column": 57,
          "index": 1044,
          "line": 34
        },
        "start": {
          "column": 57,
          "index": 1044,
          "line": 34
        }
      }
    }
  ],
  "selectedFile": "/storage/emulated/0/AndroidIDEProjects/Namoc/app/src/main/java/com/example/namoc/MainActivity.java"
}